"등록일","기관","1차 접종대상자","1차 실접종자","1차 추가접종자","1차 접종률(%)","2차 접종대상자","2차 실접종자","2차 추가접종자","2차 접종률(%)","분기","순서","백신종류","수집일시"
"20210423","요양병원 (65세이상)","17631","10583","","60","17631","0","","0","2","1","아스트라제네카","2021-04-26 19:11:39.0"
"20210423","요양시설 (65세이상)","13129","8284","","63.1","13129","0","","0","2","2","아스트라제네카","2021-04-26 19:11:39.0"
"20210423","취약시설 (노숙ㆍ교정시설) 등","13799","4772","","34.6","13799","0","","0","2","3","아스트라제네카","2021-04-26 19:11:39.0"
"20210423","학교 및 돌봄","9825","3615","","36.8","9825","0","","0","2","4","아스트라제네카","2021-04-26 19:11:39.0"
"20210423","장애인ㆍ노인 돌봄 승무원 등","73341","18367","","25","73341","0","","0","2","5","아스트라제네카","2021-04-26 19:11:39.0"
"20210423","보건의료인","64979","613","","0.9","64979","0","","0","2","6","아스트라제네카","2021-04-26 19:11:39.0"
"20210423","만성질환","13683","14","","0.1","13683","0","","0","2","7","아스트라제네카","2021-04-26 19:11:39.0"
"20210423","75 세 이상","629098","93498","","14.9","629098","0","","0","2","8","화이자","2021-04-26 19:11:39.0"
"20210423","노인시설","17528","9872","","56.3","17528","0","","0","2","9","화이자","2021-04-26 19:11:39.0"
"20210423","요양병원 (65세미만)","16629","14069","","84.6","16629","0","","0","1","10","아스트라제네카","2021-04-26 19:11:39.0"
"20210423","요양시설 (65세미만)","7621","7223","","94.8","7621","0","","0","1","11","아스트라제네카","2021-04-26 19:11:39.0"
"20210423","코로나 1차 대응요원","14266","13648","","95.7","14266","0","","0","1","12","아스트라제네카","2021-04-26 19:11:39.0"
"20210423","병원급이상 의료기관","112876","98083","","86.9","112876","0","","0","1","13","아스트라제네카","2021-04-26 19:11:39.0"
"20210423","기타","650","746","","114.8","650","0","","0","1","14","아스트라제네카","2021-04-26 19:11:39.0"
"20210423","코로나 치료병원","14266","13648","","95.7","14266","13543","","94.9","1","15","화이자","2021-04-26 19:11:39.0"
"20210422","요양병원 (65세이상)","17631","10583","0","60","17631","0","0","0","2","1","아스트라제네카","2021-04-22 19:11:39.0"
"20210422","요양시설 (65세이상)","13129","8284","0","63.1","13129","0","0","0","2","2","아스트라제네카","2021-04-22 19:11:39.0"
"20210422","취약시설 (노숙ㆍ교정시설) 등","13799","4772","0","34.6","13799","0","0","0","2","3","아스트라제네카","2021-04-22 19:11:39.0"
"20210422","학교 및 돌봄","9825","3615","0","36.8","9825","0","0","0","2","4","아스트라제네카","2021-04-22 19:11:39.0"
"20210422","장애인ㆍ노인 돌봄 승무원 등","73341","18367","0","25","73341","0","0","0","2","5","아스트라제네카","2021-04-22 19:11:39.0"
"20210422","보건의료인","64979","613","0","0.9","64979","0","0","0","2","6","아스트라제네카","2021-04-22 19:11:39.0"
"20210422","만성질환","13683","14","0","0.1","13683","0","0","0","2","7","아스트라제네카","2021-04-22 19:11:39.0"
"20210422","75 세 이상","629098","93498","0","14.9","629098","0","0","0","2","8","화이자","2021-04-22 19:11:39.0"
"20210422","노인시설","17528","9872","0","56.3","17528","0","0","0","2","9","화이자","2021-04-22 19:11:39.0"
"20210422","요양병원 (65세미만)","16629","14069","0","84.6","16629","0","0","0","1","10","아스트라제네카","2021-04-22 19:11:39.0"
"20210422","요양시설 (65세미만)","7621","7223","0","94.8","7621","0","0","0","1","11","아스트라제네카","2021-04-22 19:11:39.0"
"20210422","코로나 1차 대응요원","14266","13648","0","95.7","14266","0","0","0","1","12","아스트라제네카","2021-04-22 19:11:39.0"
"20210422","병원급이상 의료기관","112876","98083","0","86.9","112876","0","0","0","1","13","아스트라제네카","2021-04-22 19:11:39.0"
"20210422","기타","650","746","0","114.8","650","0","0","0","1","14","아스트라제네카","2021-04-22 19:11:39.0"
"20210422","코로나 치료병원","14266","13648","0","95.7","14266","13543","0","94.9","1","15","화이자","2021-04-22 19:11:39.0"
"20210421","요양병원 (65세이상)","17640","10583","3","60.0","17640","0","0","0","2","1","아스트라제네카","2021-04-21 19:11:39.0"
"20210421","요양병원 (65세미만)","16635","14067","0","84.6","16635","0","0","0","1","1","아스트라제네카","2021-04-21 12:11:39.0"
"20210421","요양시설 (65세이상)","13136","7986","141","60.8","13136","0","0","0","2","2","아스트라제네카","2021-04-21 19:11:39.0"
"20210421","요양시설 (65세미만)","7614","7222","1","94.9","7614","0","0","0","1","2","아스트라제네카","2021-04-21 12:11:39.0"
"20210421","코로나 1차 대응요원","10580","8670","18","81.9","10580","0","0","0","1","3","아스트라제네카","2021-04-21 12:11:39.0"
"20210421","취약시설 (노숙ㆍ교정시설) 등","13751","3811","1316","27.7","13751","0","0","0","2","3","아스트라제네카","2021-04-21 19:11:39.0"
"20210421","학교 및 돌봄","9827","3451","155","35.1","9827","0","0","0","2","4","아스트라제네카","2021-04-21 19:11:39.0"
"20210421","병원급이상 의료기관","111826","97886","245","87.5","111826","0","0","0","1","4","아스트라제네카","2021-04-21 12:11:39.0"
"20210421","장애인ㆍ노인 돌봄 승무원 등","73341","6733","0","9.2","73341","0","0","0","2","5","아스트라제네카","2021-04-21 19:11:39.0"
"20210421","기타","650","551","0","84.8","650","0","0","0","1","5","아스트라제네카","2021-04-21 12:11:39.0"
"20210421","코로나 치료병원","14267","13645","0","95.6","14267","13518","10","94.8","1","6","화이자","2021-04-21 12:11:39.0"
"20210421","75 세 이상","629751","79988","12628","12.7","629751","0","0","0","2","6","화이자","2021-04-21 19:11:39.0"
"20210421","노인시설","17540","9059","660","51.6","17540","0","0","0","2","7","화이자","2021-04-21 19:11:39.0"
"20210421","요양병원 (65세미만)","16635","14067","0","84.6","16635","0","0","0","1","8","아스트라제네카","2021-04-21 19:11:39.0"
"20210421","요양시설 (65세이상)","13136","7986","141","60.8","13136","0","0","0","2","8","아스트라제네카","2021-04-21 12:11:39.0"
"20210421","취약시설 (노숙&middot;교정시설) 등","13751","3811","1316","27.7","13751","0","0","0","2","9","아스트라제네카","2021-04-21 12:11:39.0"
"20210421","요양시설 (65세미만)","7614","7222","1","94.9","7614","0","0","0","1","9","아스트라제네카","2021-04-21 19:11:39.0"
"20210421","코로나 1차 대응요원","10580","8670","18","81.9","10580","0","0","0","1","10","아스트라제네카","2021-04-21 19:11:39.0"
"20210421","학교 및 돌봄","9827","3451","155","35.1","9827","0","0","0","2","10","아스트라제네카","2021-04-21 12:11:39.0"
"20210421","병원급이상 의료기관","111826","97886","245","87.5","111826","0","0","0","1","11","아스트라제네카","2021-04-21 19:11:39.0"
"20210421","장애인&middot;노인 돌봄 승무원 등","73341","6733","0","9.2","73341","0","0","0","2","11","아스트라제네카","2021-04-21 12:11:39.0"
"20210421","기타","650","551","0","84.8","650","0","0","0","1","12","아스트라제네카","2021-04-21 19:11:39.0"
"20210421","75 세 이상","629751","79988","12628","12.7","629751","0","0","0","2","12","화이자","2021-04-21 12:11:39.0"
"20210421","코로나 치료병원","14267","13645","0","95.6","14267","13518","10","94.8","1","13","화이자","2021-04-21 19:11:39.0"
"20210421","노인시설","17540","9059","660","51.6","17540","0","0","0","2","13","화이자","2021-04-21 12:11:39.0"
"20210420","코로나 19 환자진료 의료기관 종사자","14272","13645","2","95.6","14272","13508","1","94.6","1","1","화이자","2021-04-20 19:11:39.0"
"20210420","요양병원 (65세미만)","16639","14067","0","84.5","16639","0","0","0","1","2","아스트라제네카","2021-04-20 19:11:39.0"
"20210420","요양시설 (65세미만)","7617","7221","4","94.8","7617","0","0","0","1","3","아스트라제네카","2021-04-20 19:11:39.0"
"20210420","코로나 1차 대응요원","10565","8652","18","81.9","10565","0","0","0","1","4","아스트라제네카","2021-04-20 19:11:39.0"
"20210420","병원급이상 의료기관","111665","97641","327","87.4","111665","1","1","0","1","5","아스트라제네카","2021-04-20 19:11:39.0"
"20210420","요양병원 (65세이상)","17644","10580","10","60","17644","0","0","0","2","6","아스트라제네카","2021-04-20 19:11:39.0"
"20210420","요양시설 (65세이상)","13134","7845","230","59.7","13134","0","0","0","2","7","아스트라제네카","2021-04-20 19:11:39.0"
"20210420","교정시설 등 종사자","13687","2495","730","18.2","13687","0","0","0","2","8","아스트라제네카","2021-04-20 19:11:39.0"
"20210420","학교돌봄","9823","3296","226","33.6","9823","0","0","0","2","9","아스트라제네카","2021-04-20 19:11:39.0"
"20210420","돌봄노동","4698","4698","4698","100.0","4698","0","0","0","2","10","아스트라제네카","2021-04-20 19:11:39.0"
"20210420","항공승무원","1167","1167","1167","100.0","1167","0","0","0","2","11","아스트라제네카","2021-04-20 19:11:39.0"
"20210420","기타","488","465","49","85.2","488","0","0","0","2","12","아스트라제네카","2021-04-20 19:11:39.0"
"20210420","75 세 이상","624848","67358","12457","10.8","624848","0","0","0","2","13","화이자","2021-04-20 19:11:39.0"
"20210420","노인시설","17523","8401","711","47.9","17523","0","0","0","2","14","화이자","2021-04-20 19:11:39.0"
"20210419","코로나 19 환자진료 의료기관 종사자","14274","13643","0","95.6","14274","13507","0","94.6","1","1","화이자","2021-04-19 19:11:39.0"
"20210419","요양병원 (65세미만)","16639","14067","0","84.5","16639","0","0","0","1","2","아스트라제네카","2021-04-19 19:11:39.0"
"20210419","요양시설 (65세미만)","7618","7217","0","94.7","7618","0","0","0","1","3","아스트라제네카","2021-04-19 19:11:39.0"
"20210419","코로나 1차 대응요원","10545","8634","0","81.9","10545","0","0","0","1","4","아스트라제네카","2021-04-19 19:11:39.0"
"20210419","병원급이상 의료기관","111189","97314","0","87.5","111189","0","0","0","1","5","아스트라제네카","2021-04-19 19:11:39.0"
"20210419","요양병원 (65세이상)","17651","10570","0","59.9","17651","0","0","0","1","6","아스트라제네카","2021-04-19 19:11:39.0"
"20210419","요양시설 (65세이상)","13120","7615","0","58","13120","0","0","0","1","7","아스트라제네카","2021-04-19 19:11:39.0"
"20210419","교정시설 등 종사자","13448","1765","0","13.1","13448","0","0","0","1","8","아스트라제네카","2021-04-19 19:11:39.0"
"20210419","학교돌봄","9817","3070","0","31.3","9817","0","0","0","1","9","아스트라제네카","2021-04-19 19:11:39.0"
"20210419","기타","488","416","0","99.2","488","0","0","0","1","10","아스트라제네카","2021-04-19 19:11:39.0"
"20210419","75 세 이상","629619","54901","0","8.7","629619","0","0","0","1","11","화이자","2021-04-19 19:11:39.0"
"20210419","노인시설","18075","7690","0","43.9","18075","0","0","0","1","12","화이자","2021-04-19 19:11:39.0"
"20210418","코로나 19 환자진료 의료기관 종사자","14274","13643","0","95.6","14274","13508","1","94.6","1","1","화이자","2021-04-18 19:11:39.0"
"20210418","요양병원 (65세미만)","16639","14067","0","84.5","16639","0","0","0","1","2","아스트라제네카","2021-04-18 19:11:39.0"
"20210418","요양시설 (65세미만)","7618","7217","0","94.7","7618","0","0","0","1","3","아스트라제네카","2021-04-18 19:11:39.0"
"20210418","코로나 1차 대응요원","10545","8634","0","81.9","10545","0","0","0","1","4","아스트라제네카","2021-04-18 19:11:39.0"
"20210418","병원급이상 의료기관","111189","97314","201","87.5","111189","0","0","0","1","5","아스트라제네카","2021-04-18 19:11:39.0"
"20210418","요양병원 (65세이상)","17651","10570","0","59.9","17651","0","0","0","1","6","아스트라제네카","2021-04-18 19:11:39.0"
"20210418","요양시설 (65세이상)","13120","7615","61","58.0","13120","0","0","0","1","7","아스트라제네카","2021-04-18 19:11:39.0"
"20210418","교정시설 등 종사자","13448","1765","0","13.1","13448","0","0","0","1","8","아스트라제네카","2021-04-18 19:11:39.0"
"20210418","학교돌봄","9817","3070","0","31.3","9817","0","0","0","1","9","아스트라제네카","2021-04-18 19:11:39.0"
"20210418","기타","388","385","0","99.2","388","0","0","0","1","10","아스트라제네카","2021-04-18 19:11:39.0"
"20210418","75 세 이상","629839","54876","1876","8.7","629839","0","0","0","1","11","화이자","2021-04-18 19:11:39.0"
"20210418","노인시설","17534","7688","223","43.9","17534","0","0","0","1","12","화이자","2021-04-18 19:11:39.0"
"20210418","기타","0","465","0","0","0","0","0","0","1","13","화이자","2021-04-18 19:11:39.0"
"20210417","코로나 19 환자진료 의료기관 종사자","14274","13643","3","95.6","14274","13507","5","94.6","1","1","화이자","2021-04-17 19:11:39.0"
"20210417","요양병원 (65세미만)","16639","14067","1","84.5","16639","0","0","0","1","2","아스트라제네카","2021-04-17 19:11:39.0"
"20210417","요양시설 (65세미만)","7618","7217","0","94.7","7618","0","0","0","1","3","아스트라제네카","2021-04-17 19:11:39.0"
"20210417","코로나 1차 대응요원","10548","8634","62","81.9","10548","0","0","0","1","4","아스트라제네카","2021-04-17 19:11:39.0"
"20210417","병원급이상 의료기관","111189","97113","1141","87.3","111189","0","0","0","1","5","아스트라제네카","2021-04-17 19:11:39.0"
"20210417","요양병원 (65세이상)","17651","10570","3","59.9","17651","0","0","0","1","6","아스트라제네카","2021-04-17 19:11:39.0"
"20210417","요양시설 (65세이상)","13119","7554","136","57.6","13119","0","0","0","1","7","아스트라제네카","2021-04-17 19:11:39.0"
"20210417","교정시설 등 종사자","13448","1765","588","15.5","13448","0","0","0","1","8","아스트라제네카","2021-04-17 19:11:39.0"
"20210417","학교돌봄","9817","3070","1302","31.3","9817","0","0","0","1","9","아스트라제네카","2021-04-17 19:11:39.0"
"20210417","기타","385","385","0","100.0","385","0","0","0","1","10","아스트라제네카","2021-04-17 19:11:39.0"
"20210417","75 세 이상","629891","53000","9646","8.4","629891","0","0","0","1","11","화이자","2021-04-17 19:11:39.0"
"20210417","노인시설","17545","7000","1760","39.9","17545","0","0","0","1","12","화이자","2021-04-17 19:11:39.0"
"20210417","기타","0","465","0","0","0","0","0","0","1","13","화이자","2021-04-17 19:11:39.0"
"20210416","코로나 19 환자진료 의료기관 종사자","14274","13640","9","95.6","14274","13502","0","94.6","1","1","화이자","2021-04-16 19:11:39.0"
"20210416","요양병원 (65세미만)","16639","14066","8","84.5","16639","0","0","0","1","2","아스트라제네카","2021-04-16 19:11:39.0"
"20210416","요양시설 (65세미만)","7618","7215","0","94.7","7618","0","0","0","1","3","아스트라제네카","2021-04-16 19:11:39.0"
"20210416","코로나 1차 대응요원","10512","8559","62","81.4","10512","0","0","0","1","4","아스트라제네카","2021-04-16 19:11:39.0"
"20210416","병원급이상 의료기관","110381","94982","1141","86","110381","0","0","0","1","5","아스트라제네카","2021-04-16 19:11:39.0"
"20210416","요양병원 (65세이상)","17652","10567","43","59.9","17652","0","0","0","1","6","아스트라제네카","2021-04-16 19:11:39.0"
"20210416","요양시설 (65세이상)","13109","7418","300","56.6","13109","0","0","0","1","7","아스트라제네카","2021-04-16 19:11:39.0"
"20210416","교정시설 등 종사자","13093","1177","414","9.0","13093","0","0","0","1","8","아스트라제네카","2021-04-16 19:11:39.0"
"20210416","학교돌봄","9811","1768","672","18.0","9811","0","0","0","1","9","아스트라제네카","2021-04-16 19:11:39.0"
"20210416","기타","316","314","0","99.4","316","0","0","0","1","10","아스트라제네카","2021-04-16 19:11:39.0"
"20210416","75 세 이상","629959","43326","9438","6.9","629959","0","0","0","1","11","화이자","2021-04-16 19:11:39.0"
"20210416","노인시설","17580","5612","1486","31.9","17580","0","0","0","1","12","화이자","2021-04-16 19:11:39.0"
"20210415","코로나 19 환자진료 의료기관 종사자","14274","13631","4","95.5","14274","13502","2","94.6","1","1","화이자","2021-04-15 19:11:39.0"
"20210415","요양병원 (65세미만)","16639","14058","0","84.5","16639","0","0","0","1","2","아스트라제네카","2021-04-15 19:11:39.0"
"20210415","요양시설 (65세미만)","7619","7215","0","94.7","7619","0","0","0","1","3","아스트라제네카","2021-04-15 19:11:39.0"
"20210415","코로나 1차 대응요원","10497","8497","62","80.9","10497","0","0","0","1","4","아스트라제네카","2021-04-15 19:11:39.0"
"20210415","병원급이상 의료기관","109785","93841","190","85.5","109785","0","0","0","1","5","아스트라제네카","2021-04-15 19:11:39.0"
"20210415","요양병원 (65세이상)","17649","10524","37","59.6","17649","0","0","0","1","6","아스트라제네카","2021-04-15 19:11:39.0"
"20210415","요양시설 (65세이상)","13100","7118","321","54.3","13100","0","0","0","1","7","아스트라제네카","2021-04-15 19:11:39.0"
"20210415","교정시설 등 종사자","13087","763","434","5.8","13087","0","0","0","1","8","아스트라제네카","2021-04-15 19:11:39.0"
"20210415","학교돌봄","9811","1096","558","11.2","9811","0","0","0","1","9","아스트라제네카","2021-04-15 19:11:39.0"
"20210415","기타","216","216","0","100","216","0","0","0","1","10","아스트라제네카","2021-04-15 19:11:39.0"
"20210415","75 세 이상","629982","33881","4607","5.4","629982","0","0","0","1","11","화이자","2021-04-15 19:11:39.0"
"20210415","노인시설","17691","4125","106","23.3","17691","0","0","0","1","12","화이자","2021-04-15 19:11:39.0"
"20210414","코로나 19 환자진료 의료기관 종사자","14295","13627","6","95.3","14295","13500","2","94.4","1","1","화이자","2021-04-14 19:11:39.0"
"20210414","요양병원 (65세미만)","16640","14058","1","84.5","16640","0","0","0","1","2","아스트라제네카","2021-04-14 19:11:39.0"
"20210414","요양시설 (65세미만)","7624","7215","2","94.6","7624","0","0","0","1","3","아스트라제네카","2021-04-14 19:11:39.0"
"20210414","코로나 1차 대응요원","10460","8435","41","80.6","10460","0","0","0","1","4","아스트라제네카","2021-04-14 19:11:39.0"
"20210414","병원급이상 의료기관","108769","93651","53","86.1","108769","0","0","0","1","5","아스트라제네카","2021-04-14 19:11:39.0"
"20210414","요양병원 (65세이상)","17657","10487","42","59.4","17657","0","0","0","1","6","아스트라제네카","2021-04-14 19:11:39.0"
"20210414","요양시설 (65세이상)","13086","6797","555","51.9","13086","0","0","0","1","7","아스트라제네카","2021-04-14 19:11:39.0"
"20210414","교정시설 등 종사자","12801","329","157","2.6","12801","0","0","0","1","8","아스트라제네카","2021-04-14 19:11:39.0"
"20210414","학교돌봄","9807","538","308","5.5","9807","0","0","0","1","9","아스트라제네카","2021-04-14 19:11:39.0"
"20210414","기타","216","216","4","100.0","216","0","0","0","1","10","아스트라제네카","2021-04-14 19:11:39.0"
"20210414","75 세 이상","624848","29273","4547","4.7","624848","0","0","0","1","11","화이자","2021-04-14 19:11:39.0"
"20210414","노인시설","17278","4025","126","23.3","17278","0","0","0","1","12","화이자","2021-04-14 19:11:39.0"
"20210413","코로나 19 환자 치료병원 종사자","14251","13621","1","95.6","14251","13498","22","94.7","1","1","화이자","2021-04-13 19:11:39.0"
"20210413","요양병원(65세미만)","16643","14057","5","84.5","16643","0","0","0","1","2","아스트라제네카","2021-04-13 19:11:39.0"
"20210413","요양시설(65세미만)","7625","7213","9","94.6","7625","0","0","0","1","3","아스트라제네카","2021-04-13 19:11:39.0"
"20210413","코로나 1차 대응요원","10435","8394","28","80.4","10435","0","0","0","1","4","아스트라제네카","2021-04-13 19:11:39.0"
"20210413","병원급이상 의료기관","108557","93598","22","86.2","108557","0","0","0","1","5","아스트라제네카","2021-04-13 19:11:39.0"
"20210413","요양병원(65세이상)","17665","10445","40","59.1","17665","0","0","0","1","6","아스트라제네카","2021-04-13 19:11:39.0"
"20210413","요양시설(65세이상)","13077","6242","380","47.7","13077","0","0","0","1","7","아스트라제네카","2021-04-13 19:11:39.0"
"20210413","교정시설 등 종사자","12706","172","130","1.4","12706","0","0","0","1","8","아스트라제네카","2021-04-13 19:11:39.0"
"20210413","학교돌봄","9793","230","92","2.3","9793","0","0","0","1","9","아스트라제네카","2021-04-13 19:11:39.0"
"20210413","기타","216","212","0","98.1","216","0","0","0","1","10","아스트라제네카","2021-04-13 19:11:39.0"
"20210413","75세 이상","624848","24700","4585","4","624848","0","0","0","1","11","화이자","2021-04-13 19:11:39.0"
"20210413","노인시설","17278","3918","184","22.7","17278","0","0","0","1","12","화이자","2021-04-13 19:11:39.0"
"20210412","요양병원","34744","24457","0","70.4","34744","0","0","0","1","1","아스트라제네카","2021-04-12 19:11:39.0"
"20210412","요양시설 등","20777","13066","0","62.9","20777","0","0","0","1","2","아스트라제네카","2021-04-12 19:11:39.0"
"20210412","1 차대응요원","10906","8366","0","76.7","10906","0","0","0","1","3","아스트라제네카","2021-04-12 19:11:39.0"
"20210412","병원급 이상 의료기관","115562","93576","0","81.0","115562","0","0","0","1","4","아스트라제네카","2021-04-12 19:11:39.0"
"20210412","교정시설등 종사자","14360","42","0","0.3","14360","0","0","0","1","5","아스트라제네카","2021-04-12 19:11:39.0"
"20210412","학교돌봄","12101","138","0","1.1","12101","0","0","0","1","6","아스트라제네카","2021-04-12 19:11:39.0"
"20210412","기타","216","212","0","98.1","216","0","0","0","1","7","아스트라제네카","2021-04-12 19:11:39.0"
"20210412","코로나 19 환자 치료병원 종사자","14230","13620","0","95.7","14230","13476","0","94.7","1","8","화이자","2021-04-12 19:11:39.0"
"20210412","75 세 이상 어르신","629854","20113","0","3.2","629854","0","0","0","1","9","화이자","2021-04-12 19:11:39.0"
"20210412","노인시설","18032","3735","0","20.7","18032","0","0","0","1","10","화이자","2021-04-12 19:11:39.0"
"20210411","요양병원","34744","24457","18","70.4","34744","0","0","0","1","1","아스트라제네카","2021-04-11 19:11:39.0"
"20210411","요양시설 등","20777","13066","58","62.9","20777","0","0","0","1","2","아스트라제네카","2021-04-11 19:11:39.0"
"20210411","1 차대응요원","10903","8366","0","76.7","10903","0","0","0","1","3","아스트라제네카","2021-04-11 19:11:39.0"
"20210411","병원급 이상 의료기관","115562","93576","7","81.0","115562","0","0","0","1","4","아스트라제네카","2021-04-11 19:11:39.0"
"20210411","교정시설등 종사자","14360","42","0","0.3","14360","0","0","0","1","5","아스트라제네카","2021-04-11 19:11:39.0"
"20210411","학교돌봄","12101","138","0","1.1","12101","0","0","0","1","6","아스트라제네카","2021-04-11 19:11:39.0"
"20210411","기타","216","212","0","98.1","216","0","0","0","1","7","아스트라제네카","2021-04-11 19:11:39.0"
"20210411","코로나 19 환자 치료병원 종사자","14250","13620","0","95.6","14250","13476","0","94.6","1","8","화이자","2021-04-11 19:11:39.0"
"20210411","75 세 이상 어르신","624848","20113","957","3.2","624848","0","0","0","1","9","화이자","2021-04-11 19:11:39.0"
"20210411","노인시설","17278","3735","140","21.6","17278","0","0","0","1","10","화이자","2021-04-11 19:11:39.0"
"20210410","요양병원","34744","24439","59","70.3","34744","0","0","0","1","1","아스트라제네카","2021-04-10 19:11:39.0"
"20210410","요양시설 등","20777","13008","349","62.6","20777","0","0","0","1","2","아스트라제네카","2021-04-10 19:11:39.0"
"20210410","1 차대응요원","10906","8366","2","76.7","10906","0","0","0","1","3","아스트라제네카","2021-04-10 19:11:39.0"
"20210410","병원급 이상 의료기관","115563","93569","60","81.0","115563","0","0","0","1","4","아스트라제네카","2021-04-10 19:11:39.0"
"20210410","교정시설등 종사자","14360","42","0","0.3","14360","0","0","0","1","5","아스트라제네카","2021-04-10 19:11:39.0"
"20210410","학교돌봄","12101","138","0","1.1","12101","0","0","0","1","6","아스트라제네카","2021-04-10 19:11:39.0"
"20210410","기타","216","212","0","98.1","216","0","0","0","1","7","아스트라제네카","2021-04-10 19:11:39.0"
"20210410","코로나 19 환자 치료병원 종사자","14250","13620","13","95.6","14250","13476","323","94.6","1","8","화이자","2021-04-10 19:11:39.0"
"20210410","75 세 이상 어르신","624848","19156","4140","3.1","624848","0","0","0","1","9","화이자","2021-04-10 19:11:39.0"
"20210410","노인시설","17278","3595","142","20.8","17278","0","0","0","1","10","화이자","2021-04-10 19:11:39.0"
"20210409","요양병원","34745","24380","148","70.2","34745","0","0","0","1","1","아스트라제네카","2021-04-09 19:11:39.0"
"20210409","요양시설 등","20766","12659","383","61.0","20766","0","0","0","1","2","아스트라제네카","2021-04-09 19:11:39.0"
"20210409","1 차대응요원","10906","8364","1","76.7","10906","0","0","0","1","3","아스트라제네카","2021-04-09 19:11:39.0"
"20210409","병원급 이상 의료기관","115472","93509","261","81.0","115472","0","0","0","1","4","아스트라제네카","2021-04-09 19:11:39.0"
"20210409","교정시설등 종사자","14283","42","4","0.1","14283","0","0","0","1","5","아스트라제네카","2021-04-09 19:11:39.0"
"20210409","학교돌봄","12097","138","0","0.1","12097","0","0","0","1","6","아스트라제네카","2021-04-09 19:11:39.0"
"20210409","기타","214","210","0","98.1","214","0","0","0","1","7","아스트라제네카","2021-04-09 19:11:39.0"
"20210409","코로나 19 환자 치료병원 종사자","14250","13607","12","95.5","14250","13153","756","92.3","1","8","화이자","2021-04-09 19:11:39.0"
"20210409","75 세 이상 어르신","624848","15016","3086","2.4","624848","0","0","0","1","9","화이자","2021-04-09 19:11:39.0"
"20210409","노인시설","17278","3453","920","20.0","17278","0","0","0","1","10","화이자","2021-04-09 19:11:39.0"
"20210408","요양병원","34753","24232","196","69.7","34753","0","0","0","1","1","아스트라제네카","2021-04-08 19:11:39.0"
"20210408","요양시설 등","20748","12276","514","59.2","20748","0","0","0","1","2","아스트라제네카","2021-04-08 19:11:39.0"
"20210408","1 차대응요원","10929","8363","72","76.5","10929","0","0","0","1","3","아스트라제네카","2021-04-08 19:11:39.0"
"20210408","병원급 이상 의료기관","114638","93248","1115","81.3","114638","0","0","0","1","4","아스트라제네카","2021-04-08 19:11:39.0"
"20210408","취약시설","11964","25","25","0.2","11964","0","0","0","1","5","아스트라제네카","2021-04-08 19:11:39.0"
"20210408","교정시설등 종사자","2124","13","7","0.6","2124","0","0","0","1","6","아스트라제네카","2021-04-08 19:11:39.0"
"20210408","학교돌봄","12087","138","128","1.1","12087","0","0","0","1","7","아스트라제네카","2021-04-08 19:11:39.0"
"20210408","기타","210","210","0","100","210","0","0","0","1","8","아스트라제네카","2021-04-08 19:11:39.0"
"20210408","코로나 19 환자 치료병원 종사자","14250","13595","1","95.4","14250","12397","620","87.0","1","9","화이자","2021-04-08 19:11:39.0"
"20210408","75 세 이상 어르신","624848","11929","1206","1.9","624848","0","0","0","1","10","화이자","2021-04-08 19:11:39.0"
"20210408","노인시설","17278","2534","862","14.7","17278","0","0","0","1","11","화이자","2021-04-08 19:11:39.0"
"20210407","요양병원","34748","23972","582","69.1","34748","0","0","0","1","1","아스트라제네카","2021-04-07 19:11:39.0"
"20210407","요양시설 등","20729","11737","683","56.6","20729","0","0","0","1","2","아스트라제네카","2021-04-07 19:11:39.0"
"20210407","1 차대응요원","10904","8291","14","76.4","10904","0","0","0","1","3","아스트라제네카","2021-04-07 19:11:39.0"
"20210407","병원급 이상 의료기관","113277","92126","527","81.3","113277","0","0","0","1","4","아스트라제네카","2021-04-07 19:11:39.0"
"20210407","교정시설등 종사자","2124","6","0","0","2124","0","0","0","1","5","아스트라제네카","2021-04-07 19:11:39.0"
"20210407","학교돌봄","12083","10","3","0","12083","0","0","0","1","6","아스트라제네카","2021-04-07 19:11:39.0"
"20210407","기타","210","210","0","100","210","0","0","0","1","7","아스트라제네카","2021-04-07 19:11:39.0"
"20210407","코로나 19 환자 치료병원 종사자","14236","13594","0","95.5","14236","11777","284","86.6","1","8","화이자","2021-04-07 19:11:39.0"
"20210407","75 세 이상 어르신","625285","10062","2814","1.6","625285","0","0","0","1","9","화이자","2021-04-07 19:11:39.0"
"20210407","노인시설","17974","1676","689","9.3","17974","0","0","0","1","10","화이자","2021-04-07 19:11:39.0"
"20210406","요양병원","34718","23390","370","674","34718","0","0","0","1","1","아스트라제네카","2021-04-06 19:11:39.0"
"20210406","요양시설 등","20714","11054","470","53.4","20714","0","0","0","1","2","아스트라제네카","2021-04-06 19:11:39.0"
"20210406","1 차대응요원","10886","8277","38","76.0","10886","0","0","0","1","3","아스트라제네카","2021-04-06 19:11:39.0"
"20210406","병원급 이상 의료기관","111052","91599","744","82.5","111052","0","0","0","1","4","아스트라제네카","2021-04-06 19:11:39.0"
"20210406","교정시설등 종사자","2117","6","6","0","2117","0","0","0","1","5","아스트라제네카","2021-04-06 19:11:39.0"
"20210406","학교돌봄","12071","7","7","0","12071","0","0","0","1","6","아스트라제네카","2021-04-06 19:11:39.0"
"20210406","기타","202","202","0","100","202","0","0","0","1","7","아스트라제네카","2021-04-06 19:11:39.0"
"20210406","코로나 19 환자 치료병원 종사자","14237","13594","8","95.5","14237","11493","0","80.7","1","8","화이자","2021-04-06 19:11:39.0"
"20210406","75 세 이상 어르신","628069","7273","2888","1.2","628069","0","0","0","1","9","화이자","2021-04-06 19:11:39.0"
"20210406","노인시설","17278","962","150","5.6","17278","0","0","0","1","10","화이자","2021-04-06 19:11:39.0"
"20210405","요양병원","34669","23020","0","66.4","34669","0","0","0","1","1","아스트라제네카","2021-04-05 19:11:39.0"
"20210405","요양시설 등","20694","10584","0","51.1","20694","0","0","0","1","2","아스트라제네카","2021-04-05 19:11:39.0"
"20210405","1차 대응요원","10836","8239","0","76","10836","0","0","0","1","3","아스트라제네카","2021-04-05 19:11:39.0"
"20210405","병원급 이상 의료기관","110403","90855","0","82.3","110403","0","0","0","1","4","아스트라제네카","2021-04-05 19:11:39.0"
"20210405","취약시설","2065","0","0","0","2065","0","0","0","1","5","아스트라제네카","2021-04-05 19:11:39.0"
"20210405","학교돌봄","12062","0","0","0","12062","0","0","0","1","6","아스트라제네카","2021-04-05 19:11:39.0"
"20210405","기타","202","202","0","100","202","0","0","0","1","7","아스트라제네카","2021-04-05 19:11:39.0"
"20210405","코로나 19 환자 치료병원 종사자","14241","13586","0","95.4","14241","11492","0","80.7","1","8","화이자","2021-04-05 19:11:39.0"
"20210405","75 세 이상 어르신","628069","4385","101","0.7","628069","0","0","0","1","9","화이자","2021-04-05 19:11:39.0"
"20210405","노인시설","17278","813","4","4.7","17278","0","0","0","1","10","화이자","2021-04-05 19:11:39.0"
"20210404","요양병원","34669","23020","1","66.4","34669","0","0","0","1","1","아스트라제네카","2021-04-04 19:11:39.0"
"20210404","요양시설 등","20694","10584","2","51.1","20694","0","0","0","1","2","아스트라제네카","2021-04-04 19:11:39.0"
"20210404","1 차대응요원","10832","8239","0","76.1","10832","0","0","0","1","3","아스트라제네카","2021-04-04 19:11:39.0"
"20210404","병원급 이상 의료기관","110403","90855","79","82.3","110403","0","0","0","1","4","아스트라제네카","2021-04-04 19:11:39.0"
"20210404","기타","202","202","14","100","202","0","0","0","1","5","아스트라제네카","2021-04-04 19:11:39.0"
"20210404","코로나 19 환자 치료병원 종사자","14241","13586","0","95.4","14241","11492","104","80.7","1","6","화이자","2021-04-04 19:11:39.0"
"20210404","75 세 이상 어르신","629076","4284","101","0.7","629076","0","0","0","1","7","화이자","2021-04-04 19:11:39.0"
"20210404","노인시설","17344","809","4","4.6","17344","0","0","0","1","8","화이자","2021-04-04 19:11:39.0"
"20210403","요양병원","34667","23019","301","66.4","34667","0","0","0","1","1","아스트라제네카","2021-04-03 19:11:39.0"
"20210403","요양시설 등","20694","10582","328","51.1","20694","0","0","0","1","2","아스트라제네카","2021-04-03 19:11:39.0"
"20210403","1 차대응요원","10831","8239","120","76.1","10831","0","0","0","1","3","아스트라제네카","2021-04-03 19:11:39.0"
"20210403","병원급 이상 의료기관","110300","90776","1971","82.3","110300","0","0","0","1","4","아스트라제네카","2021-04-03 19:11:39.0"
"20210403","기타","188","188","0","100","188","0","0","0","1","5","아스트라제네카","2021-04-03 19:11:39.0"
"20210403","코로나 19 환자 치료병원 종사자","14241","13586","4","95.3","14241","11388","2206","80","1","6","화이자","2021-04-03 19:11:39.0"
"20210403","75 세 이상 어르신","629076","4183","2104","0.7","629076","0","0","0","1","7","화이자","2021-04-03 19:11:39.0"
"20210403","노인시설","17278","743","400","4.3","17278","0","0","0","1","8","화이자","2021-04-03 19:11:39.0"
"20210403","기타","62","62","44","100","62","0","0","0","1","9","화이자","2021-04-03 19:11:39.0"
"20210402","요양병원 ","34599","22718","442","65.7","34599","0","0","0","1","1","아스트라제네카","2021-04-02 19:11:39.0"
"20210402","요양시설 등","20683","10246","699","49.5","20683","0","0","0","1","2","아스트라제네카","2021-04-02 19:11:39.0"
"20210402","1차 대응요원","10806","8119","31","75.1","10806","0","0","0","1","3","아스트라제네카","2021-04-02 19:11:39.0"
"20210402","병원급 이상 의료기관","109423","88805","896","81.2","109423","0","0","0","1","4","아스트라제네카","2021-04-02 19:11:39.0"
"20210402","기타","188","188","0","100","188","0","0","0","1","5","아스트라제네카","2021-04-02 19:11:39.0"
"20210402","코로나19 환자  치료병원 종사자","14252","13582","6","95.3","14252","9182","2955","64.4","1","6","화이자","2021-04-02 19:11:39.0"
"20210402","75세 이상 어르신","629076","2079","2079","0.3","629076","0","0","0","1","7","화이자","2021-04-02 19:11:39.0"
"20210402","노인시설","17278","344","344","2","17278","0","0","0","1","8","화이자","2021-04-02 19:11:39.0"
"20210402","기타","18","18","18","100","18","0","0","0","1","9","화이자","2021-04-02 19:11:39.0"
"20210401","요양병원 ","34513","22276","1037","64.5","34513","0","0","0","1","1","아스트라제네카","2021-04-01 19:11:39.0"
"20210401","요양시설 등","20656","9547","699","46.2","20656","0","0","0","1","2","아스트라제네카","2021-04-01 19:11:39.0"
"20210401","코로나19 확진자 치료병원","14252","13576","26","95.3","14252","6227","2828","43.7","1","3","화이자","2021-04-01 19:11:39.0"
"20210401","1차 대응요원","10767","8088","9","75.1","10767","0","0","0","1","4","아스트라제네카","2021-04-01 19:11:39.0"
"20210401"," 병원급 이상 의료기관","107752","87909","373","81.6","107752","0","0","0","1","5","아스트라제네카","2021-04-01 19:11:39.0"
"20210401","기타 대상자","188","188","0","100","188","0","0","0","1","6","아스트라제네카","2021-04-01 19:11:39.0"
"20210331","요양병원 ","34412","21239","1311","61.7","34412","0","0","0","1","1","아스트라제네카","2021-03-31 19:11:39.0"
"20210331","요양시설 등","20566","8848","459","43","20566","0","0","0","1","2","아스트라제네카","2021-03-31 19:11:39.0"
"20210331","코로나19 확진자 치료병원","14246","13550","46","95.1","14246","3399","366","23.9","1","3","화이자","2021-03-31 19:11:39.0"
"20210331","1차 대응요원","10728","8079","77","75.3","10728","0","0","0","1","4","아스트라제네카","2021-03-31 19:11:39.0"
"20210331"," 병원급 이상 의료기관","107006","87536","813","81.8","107006","0","0","0","1","5","아스트라제네카","2021-03-31 19:11:39.0"
"20210331","기타 대상자","165","165","0","100","165","0","0","0","1","6","아스트라제네카","2021-03-31 19:11:39.0"